{
  "metadata": {
    "drop_name": "yb",
    "snapshot_height": 23582414,
    "block_timestamp": 1760523107,
    "include_lp": false,
    "include_untokenized": false,
    "include_firm": false,
    "include_ajna": false,
    "include_vanilla_ycrv": false,
    "min_amount_wei": "10000000000000000000000",
    "min_amount": 10000.0,
    "generated_at": "2025-10-24T12:14:57.896705Z"
  },
  "total": 60642232.41001844,
  "num_recipients": 273,
  "values": {
    "0xEfb8B98A4BBd793317a863f1Ec9B92641aB1CBbb": 7250348.509276219,
    "0x39415255619783A2E71fcF7d8f708A951d92e1b6": 6063653.272736497,
    "0x25431341A5800759268a6aC1d3CD91C029D7d9CA": 2532589.6989334095,
    "0x1807aD5489D619db38F63B7afc87727367352f8f": 2260342.5369109265,
    "0xac3E43b780899b8E31cBe5E6c55b02Faa317eBAd": 2171626.9425085187,
    "0xd0A35a818AF6504522e4F10a57b3318Be65aafdd": 1716394.2029095143,
    "0x4444AAAACDBa5580282365e25b16309Bd770ce4a": 1673604.141089987,
    "0x41E8D7F2c6957B79264380105e59874B9102a66F": 1544919.2326957106,
    "0xeC8bc323D60F69DACCD6d176795Ceef4876d08F6": 1416007.4912679098,
    "0xC814Db50d7543D0f4aA8d8e5ceDCF4A40f8DC7F9": 1200000.0,
    "0x62C0025c6ffFA9912b82ea4955923b0c68db0bdb": 1031499.8034816283,
    "0x1EFFD55a8646F7dC67c7578C20ce575cefeB1120": 1025116.4142909672,
    "0x0e5437b1b3448D22C07caED31e5BCdC4eC5284a9": 875058.4562278347,
    "0x31d71C9F00C4cE70aE78069a3306ac38E263Cbe0": 848309.394056539,
    "0x61f41775e63Baf8eF689Ef03109f9B47908aED21": 843558.8944836509,
    "0x8f1378a661bdFbaBdDf2971e10E579297D0A156a": 780244.5917299192,
    "0xb46EE25724Af32D2973AcF120f91BA85c66e0Dd5": 684412.0618615861,
    "0x4533c5E0271Ff4e1CF254a24F9590007FA18606D": 670917.5039184558,
    "0xCB16F82E5949975f9Cf229C91c3A6D43e3B32a9E": 596641.1083027464,
    "0x334F12AfB7D8740868bE04719639616533075234": 594735.8770910016,
    "0x005b40b806112081684F78F7D35689097D6d09aF": 554976.9363995789,
    "0x305D1239E09103Efed3F8a0e5E3770345CEd81D6": 536288.7942305761,
    "0x0b32Aa5C1e71715206fE29b7BADB21ad95F272C0": 521600.31282282213,
    "0x69873461B8F29F3a3D35449e2173040e0AA1571d": 514240.00123467593,
    "0xab8c43e0c7358B92B32816C2250AA3cdbB35555A": 507799.1328474308,
    "0xb6aF7C04f67B5eb61F0DC7aC4a760888EC3E3887": 445632.53360087133,
    "0x11dE80492BAD37366f6e982C178C64Cc16738E14": 444108.8718939383,
    "0xcAd5334aC97b0A58cFE8012E7dd2589f0c302Ab5": 427792.18179801124,
    "0x29a1B2B1100D33277212b782494A608aAA6C37E8": 424917.9532852182,
    "0x089300e3Cd93dbC23c93cC9B8C237F829CE51b04": 414122.67729512416,
    "0x33eeCc48943aAeabb5328A25ff28eb85F67945C2": 411780.63995526853,
    "0xC64c859fF67B2e17d1cbc4081b769E1b367BE9e3": 388764.541530111,
    "0x4dbCF12864eb9A26b0d56854A045f23162d076B3": 387458.6964550411,
    "0x5668EAd1eDB8E2a4d724C8fb9cB5fFEabEB422dc": 381096.4598554206,
    "0x9dd7d26c9F58fC873a5CE8E4B08393279c8eFAA0": 358690.47257877846,
    "0x7421c1eD16B400e4868CE696452C3C985F8CD04D": 356728.9118487801,
    "0xdA5e1FE535f4e35C639B778f252eC928E45907F3": 355194.4431100079,
    "0x1b7C85b66AF933436dD717006cc941489B864A5B": 351347.726306103,
    "0xa98bE71b3213e21d8014B41AC0309Bc9Dcca6b9a": 350001.534498389,
    "0x4D540D0A975351Dbfe82b3Af77ac9E52EeCb54f3": 339465.07947225287,
    "0x0Cec743b8CE4Ef8802cAc0e5df18a180ed8402A7": 335538.935954242,
    "0xbbBf04AAe21a04408A8B5e54D4030F8cD55c9Ec6": 333983.36670645425,
    "0xAA68ad0bfEEe7D0FEBa2d9d606e62e24A68A4252": 332927.17305737373,
    "0x70CCBE10F980d80b7eBaab7D2E3A73e87D67B775": 319374.0719620128,
    "0xf91DDB59FaD11a39DdF3fc9C2720a67e402cA2d2": 316311.1232154472,
    "0x0cA4b633315F972038A3b311EE5E53e29164E485": 299324.45137426327,
    "0xee2826453A4Fd5AfeB7ceffeEF3fFA2320081268": 291183.80384614517,
    "0x577eBC5De943e35cdf9ECb5BbE1f7D7CB6c7C647": 285645.0117065097,
    "0x9E9fca8212355Ce0A26D6a96f227750B189EFD9a": 285527.4518158493,
    "0x189ecEbfa5D3c5EA82d5172b1069c3305a0a149A": 275638.9570530849,
    "0x23cFD4Fec0B37B86Fc7dc48bC644d5c6d94ac0dF": 269251.26104956574,
    "0xb1A244e1B212d704bd9d4c02912CFab25566e78C": 257644.46247511165,
    "0xa2b2be181D4CC8Db35911fF4de753fb7F2FC80C1": 250000.0,
    "0x7ac06e1e8Fe2d4243bAD5fDBE624b5A712863908": 242178.35468090023,
    "0x217FaAaAA9999c5D6A96FB2e45203C022D63cdc5": 237135.4166120355,
    "0x192820CE84FA9eb457Fb228c386fE0ed22F7E33C": 236485.33406061062,
    "0xE1d620FC6eD5bBA9c3E734313CE73c128726Df90": 224195.8985284928,
    "0xc2d5904602e2d76D3D04EC28A5A1c52E136C4475": 220121.42912876836,
    "0xE63b6ECb7B55ED912Ee8F247A546a137b2D34899": 212269.59734966178,
    "0xEec16225a4f5D57662EbFC7967363B0a3F427944": 210546.72897297685,
    "0xd1c921829db71034B077E585FA4F28850F2b5267": 208913.7990054602,
    "0x43D3C255711Eb42148901d2c6AB50FD50F00563d": 203239.52963660844,
    "0xA5C15b4D3ed1B8D67599C467E08b0FFc9d452697": 200289.45740718234,
    "0xdB2B9D473014d8c6A5E55dA92205199457Ba6624": 195408.04345273416,
    "0x044e958D970a233819c65EF1f3040C8d281d1CB7": 190894.1833156781,
    "0x49ffE4429610eFa450b0654EA9a20E0EB4960920": 190037.95291878935,
    "0xfaC2F11ba2577D5122DC1EC5301d35B16688251E": 187999.86542710368,
    "0x2702cA6F4695153eb7C7c6D1A424c37f02e042FF": 173819.23168648477,
    "0xc5240fD754f4c52A3Cb71aB8625FB8e810E6fBb7": 172852.71092047464,
    "0x0682F4Ee106d167CA46eD015918E83F6F4E5B571": 168694.64020736868,
    "0x21fe3c630E718044F2Da28D5d63DBA88b46E66e5": 164921.0246312637,
    "0xF1C7e19A34cad5C49a79DcDEa2406668Fb1Dcb8B": 157079.4098458828,
    "0x1bd700058dCa0b58990f651b3643efE134c660AE": 152480.4611655683,
    "0xdaC2c5D760ff866BC796DDb88dFfEc3D9A90b7e5": 149835.69123525565,
    "0xeCc782185a3866b0DbA2C23e168764B632F40594": 144524.36013138632,
    "0x5bfF1A68663ff91b0650327D83D4230Cd00023Ad": 141264.8772231152,
    "0xC255E0a1Be0A4B7B8Bf5EBE8d0Aba162CF75bae2": 136549.4539841607,
    "0xc9bF6864339a648c17f3205285cf8E1c8ddebD9B": 129898.10980864237,
    "0x31E501B9a4715A9479A2aE1F45B4F99E33cE59a9": 129895.14383107956,
    "0xbcCD47F25685Bb2333C9DA2791ee5987ba5d6C61": 127292.23399980417,
    "0x54566F98611d5Ad52eC2283F3d2E487791f8065F": 125903.51015547603,
    "0x3E398cCe2eC7B1FC69e78E68178f67704C2db325": 121282.30575240486,
    "0x6A07Ea36da7850cc89BE2523eB9423fBE7237061": 120775.55707442602,
    "0x2158c53Ee57CA18250FEf689ef686Eddd1F65618": 117456.04060157297,
    "0xAE0f77C239f72da36d4dA20a4bBdaAe4Ca48e03F": 115897.72239571846,
    "0xa8CC9BCf39E981e5629731A18e87A7FCaf4D72B3": 114759.92727163594,
    "0x60b2dC238f9EE37eb5A7549842FEbeF8233748bA": 112434.56863369767,
    "0xF83D3292a1da5FAfeb2b46905E3B1C9D544E9ce8": 111821.85193869376,
    "0x93f8E02C6cF992e262069d5f5bb9b80033a5ce77": 103411.33859364955,
    "0xeD18d1E55c4BBa34abdf950119964AE3A9A10e04": 102420.72460376484,
    "0x2A1049062c6Cfd69bd38fbaf3b0559DF1DBbc92c": 102289.19541936599,
    "0x74f9644CEE51D112588119de149bba2E90318B06": 101793.01419588046,
    "0x5123a3Ec885357eb177D8b3e59f3bB667aA395f8": 101307.41244183033,
    "0x05F918C0Ed53c5D864B4BaCa052a9a76D39E01bc": 99248.50052021824,
    "0x78d58caE1480a179A28f9143250385C893762F7F": 96085.88696990875,
    "0x03f177Bd98f6bb3afbABBC9Ea24eac24135E7ecB": 95942.14169816462,
    "0x8B9668ce64219d1A7b3E9a129aF0c8Ea8941Bc60": 94580.7689534005,
    "0x86954755B9d7B136C2C7ad5d194C68C11d8964F6": 91859.94145671382,
    "0x08e305F123FaFf04A6A24243f47984A7A9702417": 87246.38222611295,
    "0xd0F21368aD5F07Feb2404cD6d3443329f0d1Cc37": 86863.06138254948,
    "0xca1cc5F323D3b8f7f4dd852eb437307C237fF550": 86710.81488794649,
    "0x76c506c9A3AF417deECbB980DA4FF6c4B5C71B98": 86001.96022115182,
    "0x6567E923eB3127FA733Dba0c44CbaA7A3e22cE5A": 85608.94263894427,
    "0x54Fdf7155DC040475f95C69Ee11c8A1A3ca65e17": 83941.89974102394,
    "0x13b9d2AC01eAB8b07b0b465edBa16d41B41fc74d": 82739.7147358395,
    "0xF122a1aC569a36a5Cf6d0F828A22254c8A9afF84": 81957.68199792865,
    "0xda6B0f46Aa8C713e6AD1361430c726BADd948Cf5": 81139.60816627943,
    "0x0898512055826732026aC02242E7D7B66fccC2B0": 81124.61533580621,